period,frame,time_s,team,player_id,x_norm,y_norm
1,1220,48.8,Home,Player11,0.05426,0.49582
1,1220,48.8,Home,Player1,0.28002,0.85791
1,1220,48.8,Home,Player2,0.25032,0.69625
1,1220,48.8,Home,Player3,0.2481,0.55163
1,1220,48.8,Home,Player4,0.27737,0.35894
1,1220,48.8,Home,Player5,0.46568,0.90546
1,1220,48.8,Home,Player6,0.34954,0.71198
1,1220,48.8,Home,Player7,0.37734,0.61056
1,1220,48.8,Home,Player8,0.44229,0.37868
1,1220,48.8,Home,Player9,0.56449,0.57124
1,1220,48.8,Home,Player10,0.44711,0.69141
1,1220,48.8,Home,Ball,0.44579,0.69372
1,1221,48.84,Home,Player11,0.05446,0.49561
1,1221,48.84,Home,Player1,0.28134,0.85712
1,1221,48.84,Home,Player2,0.25145,0.69612
1,1221,48.84,Home,Player3,0.24915,0.55118
1,1221,48.84,Home,Player4,0.27886,0.35772
1,1221,48.84,Home,Player5,0.46826,0.905
1,1221,48.84,Home,Player6,0.351,0.71106
1,1221,48.84,Home,Player7,0.37891,0.60871
1,1221,48.84,Home,Player8,0.44468,0.37755
1,1221,48.84,Home,Player9,0.56679,0.5717
1,1221,48.84,Home,Player10,0.44847,0.68906
1,1221,48.84,Home,Ball,0.44714,0.69135
1,1222,48.88,Home,Player11,0.05468,0.4954
1,1222,48.88,Home,Player1,0.28267,0.85631
1,1222,48.88,Home,Player2,0.25259,0.69599
1,1222,48.88,Home,Player3,0.25022,0.5507
1,1222,48.88,Home,Player4,0.28037,0.35649
1,1222,48.88,Home,Player5,0.47084,0.90451
1,1222,48.88,Home,Player6,0.35248,0.71014
1,1222,48.88,Home,Player7,0.38049,0.60684
1,1222,48.88,Home,Player8,0.44708,0.37641
1,1222,48.88,Home,Player9,0.56911,0.57211
1,1222,48.88,Home,Player10,0.44985,0.68669
1,1222,48.88,Home,Ball,0.4485,0.689
1,1223,48.92,Home,Player11,0.05492,0.49519
1,1223,48.92,Home,Player1,0.284,0.8555
1,1223,48.92,Home,Player2,0.25373,0.69583
1,1223,48.92,Home,Player3,0.25131,0.55025
1,1223,48.92,Home,Player4,0.28189,0.35523
1,1223,48.92,Home,Player5,0.47342,0.90401
1,1223,48.92,Home,Player6,0.35395,0.70923
1,1223,48.92,Home,Player7,0.38207,0.60495
1,1223,48.92,Home,Player8,0.44949,0.37526
1,1223,48.92,Home,Player9,0.57142,0.57256
1,1223,48.92,Home,Player10,0.45127,0.6843
1,1223,48.92,Home,Ball,0.44989,0.68663
1,1224,48.96,Home,Player11,0.05519,0.49504
1,1224,48.96,Home,Player1,0.28532,0.85468
1,1224,48.96,Home,Player2,0.25487,0.69563
1,1224,48.96,Home,Player3,0.25238,0.54974
1,1224,48.96,Home,Player4,0.28342,0.35395
1,1224,48.96,Home,Player5,0.476,0.90349
1,1224,48.96,Home,Player6,0.35543,0.70836
1,1224,48.96,Home,Player7,0.38365,0.60306
1,1224,48.96,Home,Player8,0.4519,0.3741
1,1224,48.96,Home,Player9,0.57374,0.57305
1,1224,48.96,Home,Player10,0.4527,0.68192
1,1224,48.96,Home,Ball,0.4513,0.68424
1,1225,49,Home,Player11,0.05549,0.49493
1,1225,49,Home,Player1,0.28665,0.85386
1,1225,49,Home,Player2,0.25603,0.69541
1,1225,49,Home,Player3,0.25348,0.54926
1,1225,49,Home,Player4,0.28497,0.35264
1,1225,49,Home,Player5,0.47856,0.90295
1,1225,49,Home,Player6,0.35693,0.70751
1,1225,49,Home,Player7,0.38525,0.60119
1,1225,49,Home,Player8,0.45435,0.37299
1,1225,49,Home,Player9,0.57605,0.57359
1,1225,49,Home,Player10,0.45415,0.67949
1,1225,49,Home,Ball,0.45273,0.68186
1,1226,49.04,Home,Player11,0.05581,0.49482
1,1226,49.04,Home,Player1,0.28799,0.85305
1,1226,49.04,Home,Player2,0.25719,0.69519
1,1226,49.04,Home,Player3,0.25457,0.54871
1,1226,49.04,Home,Player4,0.28654,0.35131
1,1226,49.04,Home,Player5,0.48111,0.90238
1,1226,49.04,Home,Player6,0.35843,0.70666
1,1226,49.04,Home,Player7,0.38683,0.59927
1,1226,49.04,Home,Player8,0.4568,0.37174
1,1226,49.04,Home,Player9,0.57838,0.57409
1,1226,49.04,Home,Player10,0.45564,0.67708
1,1226,49.04,Home,Ball,0.45419,0.67943
1,1227,49.08,Home,Player11,0.05614,0.49472
1,1227,49.08,Home,Player1,0.28934,0.85224
1,1227,49.08,Home,Player2,0.25835,0.69495
1,1227,49.08,Home,Player3,0.25567,0.54815
1,1227,49.08,Home,Player4,0.28814,0.35003
1,1227,49.08,Home,Player5,0.48367,0.9018
1,1227,49.08,Home,Player6,0.35996,0.70583
1,1227,49.08,Home,Player7,0.3884,0.5973
1,1227,49.08,Home,Player8,0.45925,0.37049
1,1227,49.08,Home,Player9,0.5807,0.57458
1,1227,49.08,Home,Player10,0.45713,0.67465
1,1227,49.08,Home,Ball,0.4559,0.67624
1,1228,49.12,Home,Player11,0.05646,0.49461
1,1228,49.12,Home,Player1,0.29068,0.85143
1,1228,49.12,Home,Player2,0.25952,0.69473
1,1228,49.12,Home,Player3,0.25679,0.54762
1,1228,49.12,Home,Player4,0.28977,0.34879
1,1228,49.12,Home,Player5,0.48622,0.90118
1,1228,49.12,Home,Player6,0.36149,0.705
1,1228,49.12,Home,Player7,0.38999,0.59539
1,1228,49.12,Home,Player8,0.4617,0.36928
1,1228,49.12,Home,Player9,0.58301,0.57508
1,1228,49.12,Home,Player10,0.45865,0.6722
1,1228,49.12,Home,Ball,0.45853,0.6678
1,1229,49.16,Home,Player11,0.05681,0.4945
1,1229,49.16,Home,Player1,0.29203,0.85064
1,1229,49.16,Home,Player2,0.2607,0.69447
1,1229,49.16,Home,Player3,0.25789,0.54707
1,1229,49.16,Home,Player4,0.29138,0.34746
1,1229,49.16,Home,Player5,0.48875,0.90055
1,1229,49.16,Home,Player6,0.36303,0.70415
1,1229,49.16,Home,Player7,0.3916,0.59348
1,1229,49.16,Home,Player8,0.46416,0.36801
1,1229,49.16,Home,Player9,0.58533,0.57557
1,1229,49.16,Home,Player10,0.4602,0.66977
1,1229,49.16,Home,Ball,0.46115,0.65936
1,1230,49.2,Home,Player11,0.05716,0.4944
1,1230,49.2,Home,Player1,0.29338,0.84984
1,1230,49.2,Home,Player2,0.2619,0.69427
1,1230,49.2,Home,Player3,0.25901,0.54651
1,1230,49.2,Home,Player4,0.29302,0.34619
1,1230,49.2,Home,Player5,0.49128,0.89988
1,1230,49.2,Home,Player6,0.36456,0.70334
1,1230,49.2,Home,Player7,0.39318,0.5915
1,1230,49.2,Home,Player8,0.46662,0.36679
1,1230,49.2,Home,Player9,0.58765,0.57607
1,1230,49.2,Home,Player10,0.46177,0.66736
1,1230,49.2,Home,Ball,0.46378,0.65093
1,1231,49.24,Home,Player11,0.05751,0.49429
1,1231,49.24,Home,Player1,0.29475,0.84906
1,1231,49.24,Home,Player2,0.26311,0.69406
1,1231,49.24,Home,Player3,0.26014,0.54599
1,1231,49.24,Home,Player4,0.29467,0.34489
1,1231,49.24,Home,Player5,0.4938,0.89921
1,1231,49.24,Home,Player6,0.36611,0.70256
1,1231,49.24,Home,Player7,0.39476,0.58948
1,1231,49.24,Home,Player8,0.46911,0.36556
1,1231,49.24,Home,Player9,0.58998,0.57652
1,1231,49.24,Home,Player10,0.46336,0.66497
1,1231,49.24,Home,Ball,0.4664,0.64249
1,1232,49.28,Home,Player11,0.05785,0.49418
1,1232,49.28,Home,Player1,0.29612,0.84828
1,1232,49.28,Home,Player2,0.26433,0.69387
1,1232,49.28,Home,Player3,0.26127,0.54545
1,1232,49.28,Home,Player4,0.29633,0.34351
1,1232,49.28,Home,Player5,0.49631,0.89852
1,1232,49.28,Home,Player6,0.36767,0.70177
1,1232,49.28,Home,Player7,0.39635,0.58748
1,1232,49.28,Home,Player8,0.4716,0.36439
1,1232,49.28,Home,Player9,0.59231,0.57698
1,1232,49.28,Home,Player10,0.46497,0.6626
1,1232,49.28,Home,Ball,0.46903,0.63405
1,1233,49.32,Home,Player11,0.05819,0.49407
1,1233,49.32,Home,Player1,0.2975,0.84751
1,1233,49.32,Home,Player2,0.26554,0.69364
1,1233,49.32,Home,Player3,0.26241,0.5449
1,1233,49.32,Home,Player4,0.29801,0.34212
1,1233,49.32,Home,Player5,0.49882,0.89783
1,1233,49.32,Home,Player6,0.36923,0.70097
1,1233,49.32,Home,Player7,0.39795,0.58548
1,1233,49.32,Home,Player8,0.47411,0.36327
1,1233,49.32,Home,Player9,0.59461,0.57744
1,1233,49.32,Home,Player10,0.46661,0.66022
1,1233,49.32,Home,Ball,0.47165,0.62562
1,1234,49.36,Home,Player11,0.05856,0.49397
1,1234,49.36,Home,Player1,0.29888,0.84677
1,1234,49.36,Home,Player2,0.26676,0.6934
1,1234,49.36,Home,Player3,0.26358,0.54438
1,1234,49.36,Home,Player4,0.29971,0.34076
1,1234,49.36,Home,Player5,0.50131,0.8971
1,1234,49.36,Home,Player6,0.37081,0.70017
1,1234,49.36,Home,Player7,0.39954,0.58346
1,1234,49.36,Home,Player8,0.47663,0.36214
1,1234,49.36,Home,Player9,0.59692,0.5779
1,1234,49.36,Home,Player10,0.46825,0.65782
1,1234,49.36,Home,Ball,0.47428,0.61718
